Codon,AminoAcid,FullName,StartCodon
TTT,F,Phenylalanine,No
TTC,F,Phenylalanine,No
TTA,L,Leucine,No
TTG,L,Leucine,Yes
TCT,S,Serine,No
TCC,S,Serine,No
TCA,S,Serine,No
TCG,S,Serine,No
TAT,Y,Tyrosine,No
TAC,Y,Tyrosine,No
TAA,*,Stop,No
TAG,*,Stop,No
TGT,C,Cysteine,No
TGC,C,Cysteine,No
TGA,*,Stop,No
TGG,W,Tryptophan,No
CTT,L,Leucine,No
CTC,L,Leucine,No
CTA,L,Leucine,No
CTG,L,Leucine,Yes
CCT,P,Proline,No
CCC,P,Proline,No
CCA,P,Proline,No
CCG,P,Proline,No
CAT,H,Histidine,No
CAC,H,Histidine,No
CAA,Q,Glutamine,No
CAG,Q,Glutamine,No
CGT,R,Arginine,No
CGC,R,Arginine,No
CGA,R,Arginine,No
CGG,R,Arginine,No
ATT,I,Isoleucine,No
ATC,I,Isoleucine,No
ATA,I,Isoleucine,No
ATG,M,Methionine,Yes
ACT,T,Threonine,No
ACC,T,Threonine,No
ACA,T,Threonine,No
ACG,T,Threonine,No
AAT,N,Asparagine,No
AAC,N,Asparagine,No
AAA,K,Lysine,No
AAG,K,Lysine,No
AGT,S,Serine,No
AGC,S,Serine,No
AGA,R,Arginine,No
AGG,R,Arginine,No
GTT,V,Valine,No
GTC,V,Valine,No
GTA,V,Valine,No
GTG,V,Valine,No
GCT,A,Alanine,No
GCC,A,Alanine,No
GCA,A,Alanine,No
GCG,A,Alanine,No
GAT,D,Aspartic acid,No
GAC,D,Aspartic acid,No
GAA,E,Glutamic acid,No
GAG,E,Glutamic acid,No
GGT,G,Glycine,No
GGC,G,Glycine,No
GGA,G,Glycine,No
GGG,G,Glycine,No
